Name,Location,Country,Latitude,Longitude,Elevation,Type,VEI
Unnamed,Tonga-SW Pacific,Tonga,-21.38,-175.65,-500,Submarine volcano,0
Niuafo'ou,Tonga-SW Pacific,Tonga,-15.6,-175.63,260,Shield volcano,0
Karthala,Indian O-W,Comoros,-11.75,43.38,2361,Shield volcano,0
Sirung,Lesser Sunda Is,Indonesia,-8.51,124.148,862,Complex volcano,0
Kelut,Java,Indonesia,-7.93,112.308,1731,Stratovolcano,0
St. Andrew Strait,Admiralty Is-SW Paci,Papua New Guinea,-2.38,147.35,270,Complex volcano,0
Kick-'em-Jenny,W Indies,Netherlands,12.3,-61.63,-177,Submarine volcano,0
Liamuiga,W Indies,St. Kitts & Nevis,17.37,-62.8,1156,Stratovolcano,0
Kilauea,Hawaiian Is,United States,19.425,-155.292,1222,Shield volcano,0
Kilauea,Hawaiian Is,United States,19.425,-155.292,1222,Shield volcano,0
Kilauea,Hawaiian Is,United States,19.425,-155.292,1222,Shield volcano,0
Mauna Loa,Hawaiian Is,United States,19.475,-155.608,4170,Shield volcano,0
Mauna Loa,Hawaiian Is,United States,19.475,-155.608,4170,Shield volcano,0
Hualalai,Hawaiian Is,United States,19.692,-155.87,2523,Shield volcano,0
Hualalai,Hawaiian Is,United States,19.692,-155.87,2523,Shield volcano,0
San Jorge,Azores,Portugal,38.65,-28.08,1053,Fissure vent,0
Okataina,New Zealand,New Zealand,-38.12,176.5,1111,Lava dome,1
Okataina,New Zealand,New Zealand,-38.12,176.5,1111,Lava dome,1
Egon,Lesser Sunda Is,Indonesia,-8.67,122.45,1703,Stratovolcano,1
Iliwerung,Lesser Sunda Is,Indonesia,-8.54,123.59,1018,Complex volcano,1
Semeru,Java,Indonesia,-8.108,112.92,3676,Stratovolcano,1
Merapi,Java,Indonesia,-7.542,110.442,2947,Stratovolcano,1
Papandayan,Java,Indonesia,-7.32,107.73,2665,Stratovolcano,1
Dieng Volc Complex,Java,Indonesia,-7.2,109.92,2565,Complex volcano,1
Dieng Volc Complex,Java,Indonesia,-7.2,109.92,2565,Complex volcano,1
Dieng Volc Complex,Java,Indonesia,-7.2,109.92,2565,Complex volcano,1
Krakatau,Indonesia,Indonesia,-6.102,105.423,813,Caldera,1
Krakatau,Indonesia,Indonesia,-6.102,105.423,813,Caldera,1
Ritter Island,New Guinea-NE of,Papua New Guinea,-5.52,148.121,140,Stratovolcano,1
Ritter Island,New Guinea-NE of,Papua New Guinea,-5.52,148.121,140,Stratovolcano,1
Guagua Pichincha,Ecuador,Ecuador,-0.171,-78.598,4784,Stratovolcano,1
Lokon-Empung,Sulawesi-Indonesia,Indonesia,1.358,124.792,1580,Stratovolcano,1
Karangetang [Api Siau],Sangihe Is-Indonesia,Indonesia,2.78,125.48,1784,Stratovolcano,1
Karangetang [Api Siau],Sangihe Is-Indonesia,Indonesia,2.78,125.48,1784,Stratovolcano,1
Kick-'em-Jenny,W Indies,Netherlands,12.3,-61.63,-177,Submarine volcano,1
Mayon,Luzon-Philippines,Philippines,13.257,123.685,2462,Stratovolcano,1
Pacaya,Guatemala,Guatemala,14.381,-90.601,2552,Complex volcano,1
Pinatubo,Luzon-Philippines,Philippines,15.13,120.35,1486,Stratovolcano,1
Pinatubo,Luzon-Philippines,Philippines,15.13,120.35,1486,Stratovolcano,1
Ambalatungan Group,Luzon-Philippines,Philippines,17.32,121.1,2329,Compound volcano,1
Popocatepetl,Mexico,Mexico,19.023,-98.622,5426,Stratovolcano,1
Kilauea,Hawaiian Is,United States,19.425,-155.292,1222,Shield volcano,1
Kilauea,Hawaiian Is,United States,19.425,-155.292,1222,Shield volcano,1
Unzen,Kyushu-Japan,Japan,32.75,130.3,1500,Complex volcano,1
Unzen,Kyushu-Japan,Japan,32.75,130.3,1500,Complex volcano,1
Aso,Kyushu-Japan,Japan,32.88,131.1,1592,Caldera,1
Oshima,Izu Is-Japan,Japan,34.73,139.38,758,Stratovolcano,1
Yake-dake,Honshu-Japan,Japan,36.22,137.58,2455,Stratovolcano,1
Asama,Honshu-Japan,Japan,36.4,138.53,2560,Complex volcano,1
Asama,Honshu-Japan,Japan,36.4,138.53,2560,Complex volcano,1
Asama,Honshu-Japan,Japan,36.4,138.53,2560,Complex volcano,1
Etna,Italy,Italy,37.734,15.004,3350,Stratovolcano,1
Etna,Italy,Italy,37.734,15.004,3350,Stratovolcano,1
Etna,Italy,Italy,37.734,15.004,3350,Stratovolcano,1
San Jorge,Azores,Portugal,38.65,-28.08,1053,Fissure vent,1
E-san,Hokkaido-Japan,Japan,41.8,141.17,618,Stratovolcano,1
Krisuvik,Iceland-SW,Iceland,63.93,-22.1,379,Crater rows,1
Esjufjoll,Iceland-SE,Iceland,64.27,-16.65,1760,Stratovolcano,1
Bardarbunga,Iceland-NE,Iceland,64.63,-17.53,2000,Stratovolcano,1
Bardarbunga,Iceland-NE,Iceland,64.63,-17.53,2000,Stratovolcano,1
Krafla,Iceland-NE,Iceland,65.73,-16.78,650,Caldera,1
Villarrica,Chile-C,Chile,-39.42,-71.93,2847,Stratovolcano,2
Villarrica,Chile-C,Chile,-39.42,-71.93,2847,Stratovolcano,2
Villarrica,Chile-C,Chile,-39.42,-71.93,2847,Stratovolcano,2
Llaima,Chile-C,Chile,-38.692,-71.729,3125,Stratovolcano,2
Okataina,New Zealand,New Zealand,-38.12,176.5,1111,Lava dome,2
Unnamed,Chile-Is,Chile,-33.62,-76.83,-642,Submarine volcano,2
Tofua,Tonga-SW Pacific,Tonga,-19.75,-175.07,512,Caldera,2
Kuwae,Vanuatu-SW Pacific,Vanuatu,-16.829,168.536,-2,Caldera,2
Ambrym,Vanuatu-SW Pacific,Vanuatu,-16.25,168.12,1334,Pyroclastic shield,2
Aoba,Vanuatu-SW Pacific,Vanuatu,-15.4,167.83,1496,Shield volcano,2
Aoba,Vanuatu-SW Pacific,Vanuatu,-15.4,167.83,1496,Shield volcano,2
Ofu-Olosega,Samoa-SW Pacific,United States,-14.175,-169.618,639,Shield volcano,2
Savai'i,Samoa-SW Pacific,Samoa,-13.612,-172.525,1858,Shield volcano,2
Karthala,Indian O-W,Comoros,-11.75,43.38,2361,Shield volcano,2
Karthala,Indian O-W,Comoros,-11.75,43.38,2361,Shield volcano,2
Karthala,Indian O-W,Comoros,-11.75,43.38,2361,Shield volcano,2
Tinakula,Santa Cruz Is-SW Pac,Solomon Is.,-10.38,165.8,851,Stratovolcano,2
Tinakula,Santa Cruz Is-SW Pac,Solomon Is.,-10.38,165.8,851,Stratovolcano,2
Kieyo,Africa-E,Tanzania,-9.23,33.78,2175,Stratovolcano,2
Victory,New Guinea,Papua New Guinea,-9.2,149.07,1925,Stratovolcano,2
Kavachi,Solomon Is-SW Pacifi,Solomon Is.,-9.02,157.95,-20,Submarine volcano,2
Iliwerung,Lesser Sunda Is,Indonesia,-8.54,123.59,1018,Complex volcano,2
Iliwerung,Lesser Sunda Is,Indonesia,-8.54,123.59,1018,Complex volcano,2
Lewotobi,Lesser Sunda Is,Indonesia,-8.53,122.775,1703,Stratovolcano,2
Lewotobi,Lesser Sunda Is,Indonesia,-8.53,122.775,1703,Stratovolcano,2
Paluweh,Lesser Sunda Is,Indonesia,-8.32,121.708,875,Stratovolcano,2
Paluweh,Lesser Sunda Is,Indonesia,-8.32,121.708,875,Stratovolcano,2
Batur,Lesser Sunda Is,Indonesia,-8.242,115.375,1717,Caldera,2
Semeru,Java,Indonesia,-8.108,112.92,3676,Stratovolcano,2
Semeru,Java,Indonesia,-8.108,112.92,3676,Stratovolcano,2
Semeru,Java,Indonesia,-8.108,112.92,3676,Stratovolcano,2
Semeru,Java,Indonesia,-8.108,112.92,3676,Stratovolcano,2
Semeru,Java,Indonesia,-8.108,112.92,3676,Stratovolcano,2
Semeru,Java,Indonesia,-8.108,112.92,3676,Stratovolcano,2
Semeru,Java,Indonesia,-8.108,112.92,3676,Stratovolcano,2
Semeru,Java,Indonesia,-8.108,112.92,3676,Stratovolcano,2
Semeru,Java,Indonesia,-8.108,112.92,3676,Stratovolcano,2
Semeru,Java,Indonesia,-8.108,112.92,3676,Stratovolcano,2
Ijen,Java,Indonesia,-8.058,114.242,2799,Stratovolcano,2
Lamongan,Java,Indonesia,-8,113.342,1651,Stratovolcano,2
Lamongan,Java,Indonesia,-8,113.342,1651,Stratovolcano,2
Tengger Caldera,Java,Indonesia,-7.942,112.95,2329,Stratovolcano,2
Kelut,Java,Indonesia,-7.93,112.308,1731,Stratovolcano,2
Kelut,Java,Indonesia,-7.93,112.308,1731,Stratovolcano,2
Kelut,Java,Indonesia,-7.93,112.308,1731,Stratovolcano,2
Merapi,Java,Indonesia,-7.542,110.442,2947,Stratovolcano,2
Merapi,Java,Indonesia,-7.542,110.442,2947,Stratovolcano,2
Merapi,Java,Indonesia,-7.542,110.442,2947,Stratovolcano,2
Merapi,Java,Indonesia,-7.542,110.442,2947,Stratovolcano,2
Merapi,Java,Indonesia,-7.542,110.442,2947,Stratovolcano,2
Merapi,Java,Indonesia,-7.542,110.442,2947,Stratovolcano,2
Merapi,Java,Indonesia,-7.542,110.442,2947,Stratovolcano,2
Merapi,Java,Indonesia,-7.542,110.442,2947,Stratovolcano,2
Dieng Volc Complex,Java,Indonesia,-7.2,109.92,2565,Complex volcano,2
Dieng Volc Complex,Java,Indonesia,-7.2,109.92,2565,Complex volcano,2
Dieng Volc Complex,Java,Indonesia,-7.2,109.92,2565,Complex volcano,2
Dieng Volc Complex,Java,Indonesia,-7.2,109.92,2565,Complex volcano,2
Dieng Volc Complex,Java,Indonesia,-7.2,109.92,2565,Complex volcano,2
Guntur,Java,Indonesia,-7.13,107.83,2249,Complex volcano,2
Tangkubanparahu,Java,Indonesia,-6.77,107.6,2084,Stratovolcano,2
Krakatau,Indonesia,Indonesia,-6.102,105.423,813,Caldera,2
Dakataua,New Britain-SW Pac,Papua New Guinea,-5.056,150.108,400,Caldera,2
Karkar,New Guinea-NE of,Papua New Guinea,-4.649,145.964,1839,Stratovolcano,2
Karkar,New Guinea-NE of,Papua New Guinea,-4.649,145.964,1839,Stratovolcano,2
Banda Api,Banda Sea,Pacific Ocean,-4.525,129.871,640,Caldera,2
Rabaul,New Britain-SW Pac,Papua New Guinea,-4.271,152.203,688,Pyroclastic shield,2
Manam,New Guinea-NE of,Papua New Guinea,-4.1,145.061,1807,Stratovolcano,2
Manam,New Guinea-NE of,Papua New Guinea,-4.1,145.061,1807,Stratovolcano,2
Bam,New Guinea-NE of,Papua New Guinea,-3.6,144.85,685,Stratovolcano,2
Kaba,Sumatra,Indonesia,-3.52,102.62,1952,Stratovolcano,2
Marapi,Sumatra,Indonesia,-0.381,100.473,2891,Complex volcano,2
Marapi,Sumatra,Indonesia,-0.381,100.473,2891,Complex volcano,2
Makian,Halmahera-Indonesia,Indonesia,0.32,127.4,1357,Stratovolcano,2
Sorikmarapi,Sumatra,Indonesia,0.686,99.539,2145,Stratovolcano,2
Gamalama,Halmahera-Indonesia,Indonesia,0.8,127.325,1715,Stratovolcano,2
Gamalama,Halmahera-Indonesia,Indonesia,0.8,127.325,1715,Stratovolcano,2
Gamalama,Halmahera-Indonesia,Indonesia,0.8,127.325,1715,Stratovolcano,2
Gamalama,Halmahera-Indonesia,Indonesia,0.8,127.325,1715,Stratovolcano,2
Gamalama,Halmahera-Indonesia,Indonesia,0.8,127.325,1715,Stratovolcano,2
Soputan,Sulawesi-Indonesia,Indonesia,1.108,124.725,1784,Stratovolcano,2
Galeras,Colombia,Colombia,1.22,-77.37,4276,Complex volcano,2
Mahawu,Sulawesi-Indonesia,Indonesia,1.358,124.858,1324,Stratovolcano,2
Ruang,Sangihe Is-Indonesia,Indonesia,2.28,125.425,725,Stratovolcano,2
Ruang,Sangihe Is-Indonesia,Indonesia,2.28,125.425,725,Stratovolcano,2
Purace,Colombia,Colombia,2.32,-76.4,4650,Stratovolcano,2
Karangetang [Api Siau],Sangihe Is-Indonesia,Indonesia,2.78,125.48,1784,Stratovolcano,2
Karangetang [Api Siau],Sangihe Is-Indonesia,Indonesia,2.78,125.48,1784,Stratovolcano,2
Karangetang [Api Siau],Sangihe Is-Indonesia,Indonesia,2.78,125.48,1784,Stratovolcano,2
Banua Wuhu,Sangihe Is-Indonesia,Indonesia,3.138,125.491,-5,Submarine volcano,2
Sinabung,Sumatra,Indonesia,3.17,98.392,2460,Stratovolcano,2
Sinabung,Sumatra,Indonesia,3.17,98.392,2460,Stratovolcano,2
Awu,Sangihe Is-Indonesia,Indonesia,3.67,125.5,1320,Stratovolcano,2
Ragang,Mindanao-Philippines,Philippines,7.67,124.5,2815,Stratovolcano,2
Camiguin,Mindanao-Philippines,Philippines,9.203,124.673,1332,Stratovolcano,2
Kanlaon,Philippines-C,Philippines,10.412,123.132,2435,Stratovolcano,2
Bulusan,Luzon-Philippines,Philippines,12.77,124.05,1565,Stratovolcano,2
Bulusan,Luzon-Philippines,Philippines,12.77,124.05,1565,Stratovolcano,2
Bulusan,Luzon-Philippines,Philippines,12.77,124.05,1565,Stratovolcano,2
Bulusan,Luzon-Philippines,Philippines,12.77,124.05,1565,Stratovolcano,2
Alayta,Africa-NE,Ethiopia,12.88,40.57,1501,Shield volcano,2
Mayon,Luzon-Philippines,Philippines,13.257,123.685,2462,Stratovolcano,2
Mayon,Luzon-Philippines,Philippines,13.257,123.685,2462,Stratovolcano,2
Mayon,Luzon-Philippines,Philippines,13.257,123.685,2462,Stratovolcano,2
Mayon,Luzon-Philippines,Philippines,13.257,123.685,2462,Stratovolcano,2
Mayon,Luzon-Philippines,Philippines,13.257,123.685,2462,Stratovolcano,2
Taal,Luzon-Philippines,Philippines,14.002,120.993,400,Stratovolcano,2
Fuego,Guatemala,Guatemala,14.473,-90.88,3763,Stratovolcano,2
Fuego,Guatemala,Guatemala,14.473,-90.88,3763,Stratovolcano,2
Fuego,Guatemala,Guatemala,14.473,-90.88,3763,Stratovolcano,2
Fuego,Guatemala,Guatemala,14.473,-90.88,3763,Stratovolcano,2
Fogo,Cape Verde Is,Cape Verde,14.95,-24.35,2829,Stratovolcano,2
Fogo,Cape Verde Is,Cape Verde,14.95,-24.35,2829,Stratovolcano,2
Soufriere Hills,W Indies,Montserrat,16.72,-62.18,915,Stratovolcano,2
Didicas,Luzon-N of,Philippines,19.077,122.202,244,Compound volcano,2
Kilauea,Hawaiian Is,United States,19.425,-155.292,1222,Shield volcano,2
Mauna Loa,Hawaiian Is,United States,19.475,-155.608,4170,Shield volcano,2
Unnamed,Taiwan-E of,Taiwan,24,121.83,0,Submarine volcano,2
Tenerife,Canary Is,Spain,28.271,-16.641,3715,Stratovolcano,2
La Palma,Canary Is,Spain,28.58,-17.83,2426,Stratovolcano,2
La Palma,Canary Is,Spain,28.58,-17.83,2426,Stratovolcano,2
Lanzarote,Canary Is,Spain,29.03,-13.63,670,Fissure vent,2
Kuchinoerabu-jima,Ryukyu Is,Japan,30.43,130.22,649,Stratovolcano,2
Tori-shima,Izu Is-Japan,Japan,30.48,140.32,403,Stratovolcano,2
Sakura-jima,Kyushu-Japan,Japan,31.58,130.67,1117,Stratovolcano,2
Kirishima,Kyushu-Japan,Japan,31.93,130.87,1700,Shield volcano,2
Kirishima,Kyushu-Japan,Japan,31.93,130.87,1700,Shield volcano,2
Kirishima,Kyushu-Japan,Japan,31.93,130.87,1700,Shield volcano,2
Kirishima,Kyushu-Japan,Japan,31.93,130.87,1700,Shield volcano,2
Myojun Knoll,Izu Is-Japan,Japan,32.1,139.85,360,Submarine volcano,2
Myojun Knoll,Izu Is-Japan,Japan,32.1,139.85,360,Submarine volcano,2
Myojun Knoll,Izu Is-Japan,Japan,32.1,139.85,360,Submarine volcano,2
Myojun Knoll,Izu Is-Japan,Japan,32.1,139.85,360,Submarine volcano,2
Myojun Knoll,Izu Is-Japan,Japan,32.1,139.85,360,Submarine volcano,2
Myojun Knoll,Izu Is-Japan,Japan,32.1,139.85,360,Submarine volcano,2
Unzen,Kyushu-Japan,Japan,32.75,130.3,1500,Complex volcano,2
Unzen,Kyushu-Japan,Japan,32.75,130.3,1500,Complex volcano,2
Aso,Kyushu-Japan,Japan,32.88,131.1,1592,Caldera,2
Aso,Kyushu-Japan,Japan,32.88,131.1,1592,Caldera,2
Aso,Kyushu-Japan,Japan,32.88,131.1,1592,Caldera,2
Aso,Kyushu-Japan,Japan,32.88,131.1,1592,Caldera,2
Aso,Kyushu-Japan,Japan,32.88,131.1,1592,Caldera,2
Aso,Kyushu-Japan,Japan,32.88,131.1,1592,Caldera,2
Aso,Kyushu-Japan,Japan,32.88,131.1,1592,Caldera,2
Aso,Kyushu-Japan,Japan,32.88,131.1,1592,Caldera,2
Aso,Kyushu-Japan,Japan,32.88,131.1,1592,Caldera,2
Aso,Kyushu-Japan,Japan,32.88,131.1,1592,Caldera,2
Aso,Kyushu-Japan,Japan,32.88,131.1,1592,Caldera,2
Hachijo-jima,Izu Is-Japan,Japan,33.13,139.77,854,Stratovolcano,2
Miyake-jima,Izu Is-Japan,Japan,34.08,139.53,815,Stratovolcano,2
Miyake-jima,Izu Is-Japan,Japan,34.08,139.53,815,Stratovolcano,2
Oshima,Izu Is-Japan,Japan,34.73,139.38,758,Stratovolcano,2
Oshima,Izu Is-Japan,Japan,34.73,139.38,758,Stratovolcano,2
Asama,Honshu-Japan,Japan,36.4,138.53,2560,Complex volcano,2
Asama,Honshu-Japan,Japan,36.4,138.53,2560,Complex volcano,2
Asama,Honshu-Japan,Japan,36.4,138.53,2560,Complex volcano,2
Asama,Honshu-Japan,Japan,36.4,138.53,2560,Complex volcano,2
Asama,Honshu-Japan,Japan,36.4,138.53,2560,Complex volcano,2
Asama,Honshu-Japan,Japan,36.4,138.53,2560,Complex volcano,2
Asama,Honshu-Japan,Japan,36.4,138.53,2560,Complex volcano,2
Asama,Honshu-Japan,Japan,36.4,138.53,2560,Complex volcano,2
Asama,Honshu-Japan,Japan,36.4,138.53,2560,Complex volcano,2
Asama,Honshu-Japan,Japan,36.4,138.53,2560,Complex volcano,2
Asama,Honshu-Japan,Japan,36.4,138.53,2560,Complex volcano,2
Santorini,Greece,Greece,36.404,25.396,329,Shield volcano,2
Santorini,Greece,Greece,36.404,25.396,329,Shield volcano,2
Niigata-Yake-yama,Honshu-Japan,Japan,36.92,138.03,2400,Lava dome,2
Adatara,Honshu-Japan,Japan,37.62,140.28,1718,Stratovolcano,2
Azuma,Honshu-Japan,Japan,37.73,140.25,2024,Stratovolcano,2
Etna,Italy,Italy,37.734,15.004,3350,Stratovolcano,2
Etna,Italy,Italy,37.734,15.004,3350,Stratovolcano,2
Etna,Italy,Italy,37.734,15.004,3350,Stratovolcano,2
Etna,Italy,Italy,37.734,15.004,3350,Stratovolcano,2
Etna,Italy,Italy,37.734,15.004,3350,Stratovolcano,2
Etna,Italy,Italy,37.734,15.004,3350,Stratovolcano,2
Etna,Italy,Italy,37.734,15.004,3350,Stratovolcano,2
Etna,Italy,Italy,37.734,15.004,3350,Stratovolcano,2
Etna,Italy,Italy,37.734,15.004,3350,Stratovolcano,2
Zao,Honshu-Japan,Japan,38.15,140.45,1841,Complex volcano,2
Pico,Azores,Portugal,38.47,-28.4,2351,Stratovolcano,2
Fayal,Azores,Portugal,38.6,-28.73,1043,Stratovolcano,2
Stromboli,Italy,Italy,38.789,15.213,926,Stratovolcano,2
Stromboli,Italy,Italy,38.789,15.213,926,Stratovolcano,2
Stromboli,Italy,Italy,38.789,15.213,926,Stratovolcano,2
Stromboli,Italy,Italy,38.789,15.213,926,Stratovolcano,2
Stromboli,Italy,Italy,38.789,15.213,926,Stratovolcano,2
Stromboli,Italy,Italy,38.789,15.213,926,Stratovolcano,2
Chokai,Honshu-Japan,Japan,39.08,140.03,2237,Stratovolcano,2
Vesuvius,Italy,Italy,40.821,14.426,1281,Complex volcano,2
Vesuvius,Italy,Italy,40.821,14.426,1281,Complex volcano,2
Vesuvius,Italy,Italy,40.821,14.426,1281,Complex volcano,2
Vesuvius,Italy,Italy,40.821,14.426,1281,Complex volcano,2
Vesuvius,Italy,Italy,40.821,14.426,1281,Complex volcano,2
Vesuvius,Italy,Italy,40.821,14.426,1281,Complex volcano,2
Usu,Hokkaido-Japan,Japan,42.53,140.83,731,Stratovolcano,2
Usu,Hokkaido-Japan,Japan,42.53,140.83,731,Stratovolcano,2
Usu,Hokkaido-Japan,Japan,42.53,140.83,731,Stratovolcano,2
Alaid,Kuril Is,Russia,50.858,155.55,2339,Stratovolcano,2
Vsevidof,Aleutian Is,United States,53.13,-168.68,2149,Stratovolcano,2
Avachinsky,Kamchatka,Russia,53.255,158.83,2741,Stratovolcano,2
Avachinsky,Kamchatka,Russia,53.255,158.83,2741,Stratovolcano,2
Okmok,Aleutian Is,United States,53.42,-168.13,1073,Shield volcano,2
Karymsky,Kamchatka,Russia,54.05,159.43,1536,Stratovolcano,2
Westdahl,Aleutian Is,United States,54.52,-164.65,1654,Stratovolcano,2
Kliuchevskoi,Kamchatka,Russia,56.057,160.638,4835,Stratovolcano,2
Kliuchevskoi,Kamchatka,Russia,56.057,160.638,4835,Stratovolcano,2
Eyjafjallajokull,Iceland-S,Iceland,63.63,-19.62,1666,Stratovolcano,2
Hekla,Iceland-S,Iceland,63.98,-19.7,1491,Stratovolcano,2
Grimsvotn,Iceland-NE,Iceland,64.42,-17.33,1725,Caldera,2
Grimsvotn,Iceland-NE,Iceland,64.42,-17.33,1725,Caldera,2
Grimsvotn,Iceland-NE,Iceland,64.42,-17.33,1725,Caldera,2
Grimsvotn,Iceland-NE,Iceland,64.42,-17.33,1725,Caldera,2
Bardarbunga,Iceland-NE,Iceland,64.63,-17.53,2000,Stratovolcano,2
Bardarbunga,Iceland-NE,Iceland,64.63,-17.53,2000,Stratovolcano,2
Krafla,Iceland-NE,Iceland,65.73,-16.78,650,Caldera,2
Deception Island,Antarctica,Antarctica,-62.97,-60.65,576,Caldera,3
Calbuco,Chile-S,Chile,-41.326,-72.614,2003,Stratovolcano,3
Calbuco,Chile-S,Chile,-41.326,-72.614,2003,Stratovolcano,3
Calbuco,Chile-S,Chile,-41.326,-72.614,2003,Stratovolcano,3
Puyehue,Chile-C,Chile,-40.59,-72.117,2236,Stratovolcano,3
Villarrica,Chile-C,Chile,-39.42,-71.93,2847,Stratovolcano,3
Lonquimay,Chile-C,Chile,-38.377,-71.58,2865,Stratovolcano,3
Yasur,Vanuatu-SW Pacific,Vanuatu,-19.52,169.425,361,Stratovolcano,3
Yasur,Vanuatu-SW Pacific,Vanuatu,-19.52,169.425,361,Stratovolcano,3
Yasur,Vanuatu-SW Pacific,Vanuatu,-19.52,169.425,361,Stratovolcano,3
Ambrym,Vanuatu-SW Pacific,Vanuatu,-16.25,168.12,1334,Pyroclastic shield,3
Ambrym,Vanuatu-SW Pacific,Vanuatu,-16.25,168.12,1334,Pyroclastic shield,3
Sabancaya,Peru,Peru,-15.78,-71.85,5967,Stratovolcano,3
Aoba,Vanuatu-SW Pacific,Vanuatu,-15.4,167.83,1496,Shield volcano,3
Tinakula,Santa Cruz Is-SW Pac,Solomon Is.,-10.38,165.8,851,Stratovolcano,3
Tinakula,Santa Cruz Is-SW Pac,Solomon Is.,-10.38,165.8,851,Stratovolcano,3
Savo,Solomon Is-SW Pacifi,Solomon Is.,-9.13,159.82,510,Stratovolcano,3
Savo,Solomon Is-SW Pacifi,Solomon Is.,-9.13,159.82,510,Stratovolcano,3
Iya,Lesser Sunda Is,Indonesia,-8.88,121.63,637,Stratovolcano,3
Iliwerung,Lesser Sunda Is,Indonesia,-8.54,123.59,1018,Complex volcano,3
Rinjani,Lesser Sunda Is,Indonesia,-8.42,116.47,3726,Stratovolcano,3
Agung,Lesser Sunda Is,Indonesia,-8.342,115.508,3142,Stratovolcano,3
Paluweh,Lesser Sunda Is,Indonesia,-8.32,121.708,875,Stratovolcano,3
Paluweh,Lesser Sunda Is,Indonesia,-8.32,121.708,875,Stratovolcano,3
Paluweh,Lesser Sunda Is,Indonesia,-8.32,121.708,875,Stratovolcano,3
Raung,Java,Indonesia,-8.125,114.042,3332,Stratovolcano,3
Raung,Java,Indonesia,-8.125,114.042,3332,Stratovolcano,3
Semeru,Java,Indonesia,-8.108,112.92,3676,Stratovolcano,3
Semeru,Java,Indonesia,-8.108,112.92,3676,Stratovolcano,3
Semeru,Java,Indonesia,-8.108,112.92,3676,Stratovolcano,3
Semeru,Java,Indonesia,-8.108,112.92,3676,Stratovolcano,3
Semeru,Java,Indonesia,-8.108,112.92,3676,Stratovolcano,3
Semeru,Java,Indonesia,-8.108,112.92,3676,Stratovolcano,3
Semeru,Java,Indonesia,-8.108,112.92,3676,Stratovolcano,3
Semeru,Java,Indonesia,-8.108,112.92,3676,Stratovolcano,3
Semeru,Java,Indonesia,-8.108,112.92,3676,Stratovolcano,3
Semeru,Java,Indonesia,-8.108,112.92,3676,Stratovolcano,3
Semeru,Java,Indonesia,-8.108,112.92,3676,Stratovolcano,3
Semeru,Java,Indonesia,-8.108,112.92,3676,Stratovolcano,3
Kelut,Java,Indonesia,-7.93,112.308,1731,Stratovolcano,3
Kelut,Java,Indonesia,-7.93,112.308,1731,Stratovolcano,3
Kelut,Java,Indonesia,-7.93,112.308,1731,Stratovolcano,3
Kelut,Java,Indonesia,-7.93,112.308,1731,Stratovolcano,3
Kelut,Java,Indonesia,-7.93,112.308,1731,Stratovolcano,3
Kelut,Java,Indonesia,-7.93,112.308,1731,Stratovolcano,3
Kelut,Java,Indonesia,-7.93,112.308,1731,Stratovolcano,3
Merapi,Java,Indonesia,-7.542,110.442,2947,Stratovolcano,3
Merapi,Java,Indonesia,-7.542,110.442,2947,Stratovolcano,3
Merapi,Java,Indonesia,-7.542,110.442,2947,Stratovolcano,3
Merapi,Java,Indonesia,-7.542,110.442,2947,Stratovolcano,3
Merapi,Java,Indonesia,-7.542,110.442,2947,Stratovolcano,3
Merapi,Java,Indonesia,-7.542,110.442,2947,Stratovolcano,3
Merapi,Java,Indonesia,-7.542,110.442,2947,Stratovolcano,3
Merapi,Java,Indonesia,-7.542,110.442,2947,Stratovolcano,3
Papandayan,Java,Indonesia,-7.32,107.73,2665,Stratovolcano,3
Guntur,Java,Indonesia,-7.13,107.83,2249,Complex volcano,3
Cereme,Java,Indonesia,-6.892,108.4,3078,Stratovolcano,3
Bagana,Bougainville-SW Paci,Papua New Guinea,-6.14,155.195,1750,Lava cone,3
Pago,New Britain-SW Pac,Papua New Guinea,-5.58,150.52,742,Caldera,3
Ritter Island,New Guinea-NE of,Papua New Guinea,-5.52,148.121,140,Stratovolcano,3
Banda Api,Banda Sea,Pacific Ocean,-4.525,129.871,640,Caldera,3
Banda Api,Banda Sea,Pacific Ocean,-4.525,129.871,640,Caldera,3
Banda Api,Banda Sea,Pacific Ocean,-4.525,129.871,640,Caldera,3
Banda Api,Banda Sea,Pacific Ocean,-4.525,129.871,640,Caldera,3
Rabaul,New Britain-SW Pac,Papua New Guinea,-4.271,152.203,688,Pyroclastic shield,3
Rabaul,New Britain-SW Pac,Papua New Guinea,-4.271,152.203,688,Pyroclastic shield,3
Manam,New Guinea-NE of,Papua New Guinea,-4.1,145.061,1807,Stratovolcano,3
Sangay,Ecuador,Ecuador,-2.03,-78.33,5230,Stratovolcano,3
Tungurahua,Ecuador,Ecuador,-1.467,-78.442,5023,Stratovolcano,3
Tungurahua,Ecuador,Ecuador,-1.467,-78.442,5023,Stratovolcano,3
Tungurahua,Ecuador,Ecuador,-1.467,-78.442,5023,Stratovolcano,3
Tungurahua,Ecuador,Ecuador,-1.467,-78.442,5023,Stratovolcano,3
Tungurahua,Ecuador,Ecuador,-1.467,-78.442,5023,Stratovolcano,3
Tungurahua,Ecuador,Ecuador,-1.467,-78.442,5023,Stratovolcano,3
Tungurahua,Ecuador,Ecuador,-1.467,-78.442,5023,Stratovolcano,3
Cotopaxi,Ecuador,Ecuador,-0.677,-78.436,5911,Stratovolcano,3
Cotopaxi,Ecuador,Ecuador,-0.677,-78.436,5911,Stratovolcano,3
Cotopaxi,Ecuador,Ecuador,-0.677,-78.436,5911,Stratovolcano,3
Guagua Pichincha,Ecuador,Ecuador,-0.171,-78.598,4784,Stratovolcano,3
Gamalama,Halmahera-Indonesia,Indonesia,0.8,127.325,1715,Stratovolcano,3
Gamalama,Halmahera-Indonesia,Indonesia,0.8,127.325,1715,Stratovolcano,3
Gamalama,Halmahera-Indonesia,Indonesia,0.8,127.325,1715,Stratovolcano,3
Gamalama,Halmahera-Indonesia,Indonesia,0.8,127.325,1715,Stratovolcano,3
Lokon-Empung,Sulawesi-Indonesia,Indonesia,1.358,124.792,1580,Stratovolcano,3
Gamkonora,Halmahera-Indonesia,Indonesia,1.375,127.52,1635,Stratovolcano,3
Dukono,Halmahera-Indonesia,Indonesia,1.68,127.88,1185,Complex volcano,3
Purace,Colombia,Colombia,2.32,-76.4,4650,Stratovolcano,3
Karangetang [Api Siau],Sangihe Is-Indonesia,Indonesia,2.78,125.48,1784,Stratovolcano,3
Karangetang [Api Siau],Sangihe Is-Indonesia,Indonesia,2.78,125.48,1784,Stratovolcano,3
Karangetang [Api Siau],Sangihe Is-Indonesia,Indonesia,2.78,125.48,1784,Stratovolcano,3
Banua Wuhu,Sangihe Is-Indonesia,Indonesia,3.138,125.491,-5,Submarine volcano,3
Awu,Sangihe Is-Indonesia,Indonesia,3.67,125.5,1320,Stratovolcano,3
Awu,Sangihe Is-Indonesia,Indonesia,3.67,125.5,1320,Stratovolcano,3
Awu,Sangihe Is-Indonesia,Indonesia,3.67,125.5,1320,Stratovolcano,3
Awu,Sangihe Is-Indonesia,Indonesia,3.67,125.5,1320,Stratovolcano,3
Ruiz,Colombia,Colombia,4.895,-75.322,5321,Stratovolcano,3
Ruiz,Colombia,Colombia,4.895,-75.322,5321,Stratovolcano,3
Oku Volc Field,Africa-W,Cameroon,6.25,10.5,3011,Maar,3
Camiguin,Mindanao-Philippines,Philippines,9.203,124.673,1332,Stratovolcano,3
Camiguin,Mindanao-Philippines,Philippines,9.203,124.673,1332,Stratovolcano,3
Camiguin,Mindanao-Philippines,Philippines,9.203,124.673,1332,Stratovolcano,3
Irazu,Costa Rica,Costa Rica,9.979,-83.852,3432,Stratovolcano,3
Irazu,Costa Rica,Costa Rica,9.979,-83.852,3432,Stratovolcano,3
Arenal,Costa Rica,Costa Rica,10.463,-84.703,1657,Stratovolcano,3
Arenal,Costa Rica,Costa Rica,10.463,-84.703,1657,Stratovolcano,3
Arenal,Costa Rica,Costa Rica,10.463,-84.703,1657,Stratovolcano,3
Arenal,Costa Rica,Costa Rica,10.463,-84.703,1657,Stratovolcano,3
Mayon,Luzon-Philippines,Philippines,13.257,123.685,2462,Stratovolcano,3
Mayon,Luzon-Philippines,Philippines,13.257,123.685,2462,Stratovolcano,3
Mayon,Luzon-Philippines,Philippines,13.257,123.685,2462,Stratovolcano,3
Mayon,Luzon-Philippines,Philippines,13.257,123.685,2462,Stratovolcano,3
Mayon,Luzon-Philippines,Philippines,13.257,123.685,2462,Stratovolcano,3
Mayon,Luzon-Philippines,Philippines,13.257,123.685,2462,Stratovolcano,3
Mayon,Luzon-Philippines,Philippines,13.257,123.685,2462,Stratovolcano,3
Mayon,Luzon-Philippines,Philippines,13.257,123.685,2462,Stratovolcano,3
Soufriere St. Vincent,W Indies,St. Vincent & the Grenadines,13.33,-61.18,1220,Stratovolcano,3
Nabro,Africa-NE,Eritrea,13.37,41.7,2218,Stratovolcano,3
Dubbi,Africa-NE,Eritrea,13.58,41.808,1625,Stratovolcano,3
San Salvador,El Salvador,El Salvador,13.736,-89.286,1893,Stratovolcano,3
San Salvador,El Salvador,El Salvador,13.736,-89.286,1893,Stratovolcano,3
Izalco,El Salvador,El Salvador,13.813,-89.633,1950,Stratovolcano,3
Santa Ana,El Salvador,El Salvador,13.853,-89.63,2365,Stratovolcano,3
Taal,Luzon-Philippines,Philippines,14.002,120.993,400,Stratovolcano,3
Taal,Luzon-Philippines,Philippines,14.002,120.993,400,Stratovolcano,3
Pacaya,Guatemala,Guatemala,14.381,-90.601,2552,Complex volcano,3
Pacaya,Guatemala,Guatemala,14.381,-90.601,2552,Complex volcano,3
Pacaya,Guatemala,Guatemala,14.381,-90.601,2552,Complex volcano,3
Fuego,Guatemala,Guatemala,14.473,-90.88,3763,Stratovolcano,3
Fuego,Guatemala,Guatemala,14.473,-90.88,3763,Stratovolcano,3
Fuego,Guatemala,Guatemala,14.473,-90.88,3763,Stratovolcano,3
Fuego,Guatemala,Guatemala,14.473,-90.88,3763,Stratovolcano,3
Santa Maria,Guatemala,Guatemala,14.756,-91.552,3772,Stratovolcano,3
Santa Maria,Guatemala,Guatemala,14.756,-91.552,3772,Stratovolcano,3
Santa Maria,Guatemala,Guatemala,14.756,-91.552,3772,Stratovolcano,3
Soufriere Hills,W Indies,Montserrat,16.72,-62.18,915,Stratovolcano,3
Soufriere Hills,W Indies,Montserrat,16.72,-62.18,915,Stratovolcano,3
Soufriere Hills,W Indies,Montserrat,16.72,-62.18,915,Stratovolcano,3
Soufriere Hills,W Indies,Montserrat,16.72,-62.18,915,Stratovolcano,3
Popocatepetl,Mexico,Mexico,19.023,-98.622,5426,Stratovolcano,3
Colima,Mexico,Mexico,19.514,-103.62,3850,Stratovolcano,3
Colima,Mexico,Mexico,19.514,-103.62,3850,Stratovolcano,3
Tori-shima,Izu Is-Japan,Japan,30.48,140.32,403,Stratovolcano,3
Sakura-jima,Kyushu-Japan,Japan,31.58,130.67,1117,Stratovolcano,3
Sakura-jima,Kyushu-Japan,Japan,31.58,130.67,1117,Stratovolcano,3
Sakura-jima,Kyushu-Japan,Japan,31.58,130.67,1117,Stratovolcano,3
Sakura-jima,Kyushu-Japan,Japan,31.58,130.67,1117,Stratovolcano,3
Kirishima,Kyushu-Japan,Japan,31.93,130.87,1700,Shield volcano,3
Kirishima,Kyushu-Japan,Japan,31.93,130.87,1700,Shield volcano,3
Kirishima,Kyushu-Japan,Japan,31.93,130.87,1700,Shield volcano,3
Aoga-shima,Izu Is-Japan,Japan,32.45,139.77,423,Stratovolcano,3
Aoga-shima,Izu Is-Japan,Japan,32.45,139.77,423,Stratovolcano,3
Aso,Kyushu-Japan,Japan,32.88,131.1,1592,Caldera,3
Miyake-jima,Izu Is-Japan,Japan,34.08,139.53,815,Stratovolcano,3
Miyake-jima,Izu Is-Japan,Japan,34.08,139.53,815,Stratovolcano,3
Oshima,Izu Is-Japan,Japan,34.73,139.38,758,Stratovolcano,3
On-take,Honshu-Japan,Japan,35.9,137.48,3063,Complex volcano,3
Asama,Honshu-Japan,Japan,36.4,138.53,2560,Complex volcano,3
Asama,Honshu-Japan,Japan,36.4,138.53,2560,Complex volcano,3
Asama,Honshu-Japan,Japan,36.4,138.53,2560,Complex volcano,3
Santorini,Greece,Greece,36.404,25.396,329,Shield volcano,3
Santorini,Greece,Greece,36.404,25.396,329,Shield volcano,3
Kusatsu-Shirane,Honshu-Japan,Japan,36.62,138.55,2176,Stratovolcano,3
Nasu,Honshu-Japan,Japan,37.12,139.97,1917,Stratovolcano,3
Etna,Italy,Italy,37.734,15.004,3350,Stratovolcano,3
Etna,Italy,Italy,37.734,15.004,3350,Stratovolcano,3
Etna,Italy,Italy,37.734,15.004,3350,Stratovolcano,3
Etna,Italy,Italy,37.734,15.004,3350,Stratovolcano,3
Etna,Italy,Italy,37.734,15.004,3350,Stratovolcano,3
Etna,Italy,Italy,37.734,15.004,3350,Stratovolcano,3
Etna,Italy,Italy,37.734,15.004,3350,Stratovolcano,3
San Jorge,Azores,Portugal,38.65,-28.08,1053,Fissure vent,3
Stromboli,Italy,Italy,38.789,15.213,926,Stratovolcano,3
Stromboli,Italy,Italy,38.789,15.213,926,Stratovolcano,3
Stromboli,Italy,Italy,38.789,15.213,926,Stratovolcano,3
Ararat,Turkey,Turkey,39.7,44.28,5165,Stratovolcano,3
Vesuvius,Italy,Italy,40.821,14.426,1281,Complex volcano,3
Vesuvius,Italy,Italy,40.821,14.426,1281,Complex volcano,3
Vesuvius,Italy,Italy,40.821,14.426,1281,Complex volcano,3
Vesuvius,Italy,Italy,40.821,14.426,1281,Complex volcano,3
Vesuvius,Italy,Italy,40.821,14.426,1281,Complex volcano,3
Vesuvius,Italy,Italy,40.821,14.426,1281,Complex volcano,3
Campi Flegrei,Italy,Italy,40.827,14.139,458,Caldera,3
Usu,Hokkaido-Japan,Japan,42.53,140.83,731,Stratovolcano,3
Usu,Hokkaido-Japan,Japan,42.53,140.83,731,Stratovolcano,3
Shikotsu,Hokkaido-Japan,Japan,42.7,141.33,1320,Caldera,3
Tokachi,Hokkaido-Japan,Japan,43.42,142.68,2077,Stratovolcano,3
Tokachi,Hokkaido-Japan,Japan,43.42,142.68,2077,Stratovolcano,3
Kharimkotan,Kuril Is,Russia,49.12,154.508,1145,Stratovolcano,3
Alaid,Kuril Is,Russia,50.858,155.55,2339,Stratovolcano,3
Kasatochi,Aleutian Is,United States,52.18,-175.5,314,Stratovolcano,3
Cleveland,Aleutian Is,United States,52.82,-169.95,1730,Stratovolcano,3
Shishaldin,Aleutian Is,United States,54.75,-163.97,2857,Stratovolcano,3
Kliuchevskoi,Kamchatka,Russia,56.057,160.638,4835,Stratovolcano,3
Shiveluch,Kamchatka,Russia,56.653,161.36,3283,Stratovolcano,3
Vestmannaeyjar,Iceland-S,Iceland,63.43,-20.28,279,Submarine volcano,3
Katla,Iceland-S,Iceland,63.63,-19.05,1512,Subglacial volcano,3
Katla,Iceland-S,Iceland,63.63,-19.05,1512,Subglacial volcano,3
Hekla,Iceland-S,Iceland,63.98,-19.7,1491,Stratovolcano,3
Hekla,Iceland-S,Iceland,63.98,-19.7,1491,Stratovolcano,3
Hekla,Iceland-S,Iceland,63.98,-19.7,1491,Stratovolcano,3
Hekla,Iceland-S,Iceland,63.98,-19.7,1491,Stratovolcano,3
Hekla,Iceland-S,Iceland,63.98,-19.7,1491,Stratovolcano,3
Grimsvotn,Iceland-NE,Iceland,64.42,-17.33,1725,Caldera,3
Bardarbunga,Iceland-NE,Iceland,64.63,-17.53,2000,Stratovolcano,3
Calbuco,Chile-S,Chile,-41.326,-72.614,2003,Stratovolcano,4
Puyehue,Chile-C,Chile,-40.59,-72.117,2236,Stratovolcano,4
Carran-Los Venados,Chile-C,Chile,-40.35,-72.07,1114,Pyroclastic cone,4
Niuafo'ou,Tonga-SW Pacific,Tonga,-15.6,-175.63,260,Shield volcano,4
Lamington,New Guinea,Papua New Guinea,-8.95,148.15,1680,Stratovolcano,4
Raung,Java,Indonesia,-8.125,114.042,3332,Stratovolcano,4
Raung,Java,Indonesia,-8.125,114.042,3332,Stratovolcano,4
Kelut,Java,Indonesia,-7.93,112.308,1731,Stratovolcano,4
Kelut,Java,Indonesia,-7.93,112.308,1731,Stratovolcano,4
Kelut,Java,Indonesia,-7.93,112.308,1731,Stratovolcano,4
Merapi,Java,Indonesia,-7.542,110.442,2947,Stratovolcano,4
Merapi,Java,Indonesia,-7.542,110.442,2947,Stratovolcano,4
Merapi,Java,Indonesia,-7.542,110.442,2947,Stratovolcano,4
Merapi,Java,Indonesia,-7.542,110.442,2947,Stratovolcano,4
Galunggung,Java,Indonesia,-7.25,108.05,2168,Stratovolcano,4
Teon,Banda Sea,Pacific Ocean,-6.92,129.125,655,Stratovolcano,4
Teon,Banda Sea,Pacific Ocean,-6.92,129.125,655,Stratovolcano,4
Serua,Banda Sea,Pacific Ocean,-6.3,130,641,Stratovolcano,4
Rabaul,New Britain-SW Pac,Papua New Guinea,-4.271,152.203,688,Pyroclastic shield,4
Manam,New Guinea-NE of,Papua New Guinea,-4.1,145.061,1807,Stratovolcano,4
Manam,New Guinea-NE of,Papua New Guinea,-4.1,145.061,1807,Stratovolcano,4
Manam,New Guinea-NE of,Papua New Guinea,-4.1,145.061,1807,Stratovolcano,4
Manam,New Guinea-NE of,Papua New Guinea,-4.1,145.061,1807,Stratovolcano,4
Manam,New Guinea-NE of,Papua New Guinea,-4.1,145.061,1807,Stratovolcano,4
Manam,New Guinea-NE of,Papua New Guinea,-4.1,145.061,1807,Stratovolcano,4
Tungurahua,Ecuador,Ecuador,-1.467,-78.442,5023,Stratovolcano,4
Tungurahua,Ecuador,Ecuador,-1.467,-78.442,5023,Stratovolcano,4
Tungurahua,Ecuador,Ecuador,-1.467,-78.442,5023,Stratovolcano,4
Cotopaxi,Ecuador,Ecuador,-0.677,-78.436,5911,Stratovolcano,4
Cotopaxi,Ecuador,Ecuador,-0.677,-78.436,5911,Stratovolcano,4
Cotopaxi,Ecuador,Ecuador,-0.677,-78.436,5911,Stratovolcano,4
Colo [Una Una],Sulawesi-Indonesia,Indonesia,-0.17,121.608,507,Stratovolcano,4
Reventador,Ecuador,Ecuador,-0.078,-77.656,3562,Stratovolcano,4
Makian,Halmahera-Indonesia,Indonesia,0.32,127.4,1357,Stratovolcano,4
Makian,Halmahera-Indonesia,Indonesia,0.32,127.4,1357,Stratovolcano,4
Makian,Halmahera-Indonesia,Indonesia,0.32,127.4,1357,Stratovolcano,4
Dona Juana,Colombia,Colombia,1.47,-76.92,4150,Stratovolcano,4
Awu,Sangihe Is-Indonesia,Indonesia,3.67,125.5,1320,Stratovolcano,4
Ruiz,Colombia,Colombia,4.895,-75.322,5321,Stratovolcano,4
Mayon,Luzon-Philippines,Philippines,13.257,123.685,2462,Stratovolcano,4
Soufriere St. Vincent,W Indies,St. Vincent & the Grenadines,13.33,-61.18,1220,Stratovolcano,4
Soufriere St. Vincent,W Indies,St. Vincent & the Grenadines,13.33,-61.18,1220,Stratovolcano,4
Taal,Luzon-Philippines,Philippines,14.002,120.993,400,Stratovolcano,4
Taal,Luzon-Philippines,Philippines,14.002,120.993,400,Stratovolcano,4
Taal,Luzon-Philippines,Philippines,14.002,120.993,400,Stratovolcano,4
Fuego,Guatemala,Guatemala,14.473,-90.88,3763,Stratovolcano,4
Fuego,Guatemala,Guatemala,14.473,-90.88,3763,Stratovolcano,4
Fuego,Guatemala,Guatemala,14.473,-90.88,3763,Stratovolcano,4
Pelee,W Indies,Martinique,14.82,-61.17,1397,Stratovolcano,4
Pelee,W Indies,Martinique,14.82,-61.17,1397,Stratovolcano,4
Kilauea,Hawaiian Is,United States,19.425,-155.292,1222,Shield volcano,4
Michoacan-Guanajuato,Mexico,Mexico,19.48,-102.25,3860,Cinder cone,4
Colima,Mexico,Mexico,19.514,-103.62,3850,Stratovolcano,4
Colima,Mexico,Mexico,19.514,-103.62,3850,Stratovolcano,4
Kuchinoerabu-jima,Ryukyu Is,Japan,30.43,130.22,649,Stratovolcano,4
Sakura-jima,Kyushu-Japan,Japan,31.58,130.67,1117,Stratovolcano,4
Sakura-jima,Kyushu-Japan,Japan,31.58,130.67,1117,Stratovolcano,4
Sakura-jima,Kyushu-Japan,Japan,31.58,130.67,1117,Stratovolcano,4
Sakura-jima,Kyushu-Japan,Japan,31.58,130.67,1117,Stratovolcano,4
Sakura-jima,Kyushu-Japan,Japan,31.58,130.67,1117,Stratovolcano,4
Sakura-jima,Kyushu-Japan,Japan,31.58,130.67,1117,Stratovolcano,4
Fuji,Honshu-Japan,Japan,35.35,138.73,3776,Stratovolcano,4
Asama,Honshu-Japan,Japan,36.4,138.53,2560,Complex volcano,4
Santorini,Greece,Greece,36.404,25.396,329,Shield volcano,4
Bandai,Honshu-Japan,Japan,37.6,140.08,1819,Stratovolcano,4
Furnas,Azores,Portugal,37.77,-25.32,805,Stratovolcano,4
Oshima-Oshima,Hokkaido-Japan,Japan,41.5,139.37,737,Stratovolcano,4
Komaga-take,Hokkaido-Japan,Japan,42.07,140.68,1140,Stratovolcano,4
Komaga-take,Hokkaido-Japan,Japan,42.07,140.68,1140,Stratovolcano,4
Usu,Hokkaido-Japan,Japan,42.53,140.83,731,Stratovolcano,4
Sarychev Peak,Kuril Is,Russia,48.092,153.2,1496,Stratovolcano,4
Raikoke,Kuril Is,Russia,48.292,153.25,551,Stratovolcano,4
Sinarka,Kuril Is,Russia,48.875,154.175,934,Stratovolcano,4
Shiveluch,Kamchatka,Russia,56.653,161.36,3283,Stratovolcano,4
Augustine,Alaska-SW,United States,59.37,-153.42,1252,Lava dome,4
Augustine,Alaska-SW,United States,59.37,-153.42,1252,Lava dome,4
Spurr,Alaska-SW,United States,61.3,-152.25,3374,Stratovolcano,4
Katla,Iceland-S,Iceland,63.63,-19.05,1512,Subglacial volcano,4
Katla,Iceland-S,Iceland,63.63,-19.05,1512,Subglacial volcano,4
Katla,Iceland-S,Iceland,63.63,-19.05,1512,Subglacial volcano,4
Katla,Iceland-S,Iceland,63.63,-19.05,1512,Subglacial volcano,4
Katla,Iceland-S,Iceland,63.63,-19.05,1512,Subglacial volcano,4
Katla,Iceland-S,Iceland,63.63,-19.05,1512,Subglacial volcano,4
Katla,Iceland-S,Iceland,63.63,-19.05,1512,Subglacial volcano,4
Katla,Iceland-S,Iceland,63.63,-19.05,1512,Subglacial volcano,4
Katla,Iceland-S,Iceland,63.63,-19.05,1512,Subglacial volcano,4
Hekla,Iceland-S,Iceland,63.98,-19.7,1491,Stratovolcano,4
Hekla,Iceland-S,Iceland,63.98,-19.7,1491,Stratovolcano,4
Hekla,Iceland-S,Iceland,63.98,-19.7,1491,Stratovolcano,4
Hekla,Iceland-S,Iceland,63.98,-19.7,1491,Stratovolcano,4
Hekla,Iceland-S,Iceland,63.98,-19.7,1491,Stratovolcano,4
Hekla,Iceland-S,Iceland,63.98,-19.7,1491,Stratovolcano,4
Hekla,Iceland-S,Iceland,63.98,-19.7,1491,Stratovolcano,4
Hekla,Iceland-S,Iceland,63.98,-19.7,1491,Stratovolcano,4
Hekla,Iceland-S,Iceland,63.98,-19.7,1491,Stratovolcano,4
Oraefajokull,Iceland-SE,Iceland,64,-16.65,2119,Stratovolcano,4
Grimsvotn,Iceland-NE,Iceland,64.42,-17.33,1725,Caldera,4
Agung,Lesser Sunda Is,Indonesia,-8.342,115.508,3142,Stratovolcano,5
Raung,Java,Indonesia,-8.125,114.042,3332,Stratovolcano,5
Kelut,Java,Indonesia,-7.93,112.308,1731,Stratovolcano,5
Galunggung,Java,Indonesia,-7.25,108.05,2168,Stratovolcano,5
Tungurahua,Ecuador,Ecuador,-1.467,-78.442,5023,Stratovolcano,5
Gamkonora,Halmahera-Indonesia,Indonesia,1.375,127.52,1635,Stratovolcano,5
Cosiguina,Nicaragua,Nicaragua,12.98,-87.57,872,Stratovolcano,5
Sakura-jima,Kyushu-Japan,Japan,31.58,130.67,1117,Stratovolcano,5
Vesuvius,Italy,Italy,40.821,14.426,1281,Complex volcano,5
Vesuvius,Italy,Italy,40.821,14.426,1281,Complex volcano,5
Vesuvius,Italy,Italy,40.821,14.426,1281,Complex volcano,5
Komaga-take,Hokkaido-Japan,Japan,42.07,140.68,1140,Stratovolcano,5
Usu,Hokkaido-Japan,Japan,42.53,140.83,731,Stratovolcano,5
St. Helens,US-Washington,United States,46.2,-122.18,2549,Stratovolcano,5
St. Helens,US-Washington,United States,46.2,-122.18,2549,Stratovolcano,5
Bezymianny,Kamchatka,Russia,55.978,160.587,2882,Stratovolcano,5
Shiveluch,Kamchatka,Russia,56.653,161.36,3283,Stratovolcano,5
Katla,Iceland-S,Iceland,63.63,-19.05,1512,Subglacial volcano,5
Katla,Iceland-S,Iceland,63.63,-19.05,1512,Subglacial volcano,5
Hekla,Iceland-S,Iceland,63.98,-19.7,1491,Stratovolcano,5
Oraefajokull,Iceland-SE,Iceland,64,-16.65,2119,Stratovolcano,5
Askja,Iceland-NE,Iceland,65.03,-16.75,1516,Stratovolcano,5
Taupo,New Zealand,New Zealand,-38.82,176,760,Caldera,6
Taupo,New Zealand,New Zealand,-38.82,176,760,Caldera,6
Macauley Island,Kermadec Is,New Zealand,-30.2,-178.47,238,Caldera,6
Raoul Island,Kermadec Is,New Zealand,-29.27,-177.92,516,Stratovolcano,6
Huaynaputina,Peru,Peru,-16.608,-70.85,4850,Stratovolcano,6
Ambrym,Vanuatu-SW Pacific,Vanuatu,-16.25,168.12,1334,Pyroclastic shield,6
Krakatau,Indonesia,Indonesia,-6.102,105.423,813,Caldera,6
Billy Mitchell,Bougainville-SW Paci,Papua New Guinea,-6.092,155.225,1544,Pyroclastic shield,6
Pago,New Britain-SW Pac,Papua New Guinea,-5.58,150.52,742,Caldera,6
Pago,New Britain-SW Pac,Papua New Guinea,-5.58,150.52,742,Caldera,6
Pago,New Britain-SW Pac,Papua New Guinea,-5.58,150.52,742,Caldera,6
Long Island,New Guinea-NE of,Papua New Guinea,-5.358,147.12,1280,Complex volcano,6
Long Island,New Guinea-NE of,Papua New Guinea,-5.358,147.12,1280,Complex volcano,6
Dakataua,New Britain-SW Pac,Papua New Guinea,-5.056,150.108,400,Caldera,6
Rabaul,New Britain-SW Pac,Papua New Guinea,-4.271,152.203,688,Pyroclastic shield,6
Quilotoa,Ecuador,Ecuador,-0.85,-78.9,3914,Caldera,6
Masaya,Nicaragua,Nicaragua,11.984,-86.161,635,Caldera,6
Apoyeque,Nicaragua,Nicaragua,12.242,-86.342,518,Pyroclastic shield,6
Ilopango,El Salvador,El Salvador,13.672,-89.053,450,Caldera,6
Taal,Luzon-Philippines,Philippines,14.002,120.993,400,Stratovolcano,6
Santa Maria,Guatemala,Guatemala,14.756,-91.552,3772,Stratovolcano,6
Pinatubo,Luzon-Philippines,Philippines,15.13,120.35,1486,Stratovolcano,6
Pinatubo,Luzon-Philippines,Philippines,15.13,120.35,1486,Stratovolcano,6
Pinatubo,Luzon-Philippines,Philippines,15.13,120.35,1486,Stratovolcano,6
Ceboruco,Mexico,Mexico,21.125,-104.508,2280,Stratovolcano,6
St. Helens,US-Washington,United States,46.2,-122.18,2549,Stratovolcano,6
Ksudach,Kamchatka,Russia,51.8,157.53,1079,Stratovolcano,6
Okmok,Aleutian Is,United States,53.42,-168.13,1073,Shield volcano,6
Veniaminof,Alaska Peninsula,United States,56.17,-159.38,2507,Stratovolcano,6
Black Peak,Alaska Peninsula,United States,56.53,-158.8,1032,Stratovolcano,6
Aniakchak,Alaska Peninsula,United States,56.88,-158.17,1341,Caldera,6
Novarupta,Alaska Peninsula,United States,58.27,-155.16,841,Caldera,6
Bona-Churchill,Alaska-E,United States,61.38,-141.75,5005,Stratovolcano,6
Bona-Churchill,Alaska-E,United States,61.38,-141.75,5005,Stratovolcano,6
Bardarbunga,Iceland-NE,Iceland,64.63,-17.53,2000,Stratovolcano,6
Tambora,Lesser Sunda Is,Indonesia,-8.25,118,2850,Stratovolcano,7
Kikai,Ryukyu Is,Japan,30.78,130.28,717,Caldera,7
Santorini,Greece,Greece,36.404,25.396,329,Shield volcano,7
Changbaishan,China-E,North Korea,41.98,128.08,2744,Stratovolcano,7
Nyamuragira,Africa-C,Congo,-1.408,29.2,3058,Shield volcano,3
Nyamuragira,Africa-C,Congo,-1.408,29.2,3058,Shield volcano,1
Nyiragongo,Africa-C,Congo,-1.52,29.25,3470,Stratovolcano,1
Nyiragongo,Africa-C,Congo,-1.52,29.25,3470,Stratovolcano,
Nyiragongo,Africa-C,Congo,-1.52,29.25,3470,Stratovolcano,1
Cameroon, Mt.,Africa-W,4.203,9.17,4095,Stratovolcano,2
Hudson, Cerro,Chile-S,-45.9,-72.97,1905,Stratovolcano,6
Hudson, Cerro,Chile-S,-45.9,-72.97,1905,Stratovolcano,3
Hudson, Cerro,Chile-S,-45.9,-72.97,1905,Stratovolcano,
Hudson, Cerro,Chile-S,-45.9,-72.97,1905,Stratovolcano,5
Azul, Cerro,Galapagos,-0.9,-91.42,1690,Shield volcano,3
Chichon, El,Mexico,17.36,-93.228,1150,Tuff cone,5
Chichon, El,Mexico,17.36,-93.228,1150,Tuff cone,5
Chichon, El,Mexico,17.36,-93.228,1150,Tuff cone,5
Chichon, El,Mexico,17.36,-93.228,1150,Tuff cone,5
Negro, Cerro,Nicaragua,12.506,-86.702,728,Cinder cone,3
Fournaise, Piton de la,Indian O-W,-21.229,55.713,2631,Shield volcano,2
Lengai, Ol Doinyo,Africa-E,-2.751,35.902,2890,Stratovolcano,3
Lengai, Ol Doinyo,Africa-E,-2.751,35.902,2890,Stratovolcano,2
Lengai, Ol Doinyo,Africa-E,-2.751,35.902,2890,Stratovolcano,4
Lengai, Ol Doinyo,Africa-E,-2.751,35.902,2890,Stratovolcano,3
Cendres, Ile des,SE Asia,10.158,109.014,-20,Submarine volcanoes,2
Tair, Jebel at,Red Sea,15.7,41.742,244,Stratovolcano,
Uwayrid, Harrat,Arabia-W,27.08,37.25,1900,Volcanic field,2
Arhab, Harra of,Arabia-S,15.63,44.08,3100,Volcanic field,
Arhab, Harra of,Arabia-S,15.63,44.08,3100,Volcanic field,
Chaiten,Chile-S,Chile,-42.833,-72.646,962,Caldera,
Calbuco,Chile-S,Chile,-41.326,-72.614,2003,Stratovolcano,
Ruapehu,New Zealand,New Zealand,-39.28,175.57,2797,Stratovolcano,
Taupo,New Zealand,New Zealand,-38.82,176,760,Caldera,
Taupo,New Zealand,New Zealand,-38.82,176,760,Caldera,
Okataina,New Zealand,New Zealand,-38.12,176.5,1111,Lava dome,
Okataina,New Zealand,New Zealand,-38.12,176.5,1111,Lava dome,
White Island,New Zealand,New Zealand,-37.52,177.18,321,Stratovolcano,
Raoul Island,Kermadec Is,New Zealand,-29.27,-177.92,516,Stratovolcano,
Yasur,Vanuatu-SW Pacific,Vanuatu,-19.52,169.425,361,Stratovolcano,
Yasur,Vanuatu-SW Pacific,Vanuatu,-19.52,169.425,361,Stratovolcano,
Kuwae,Vanuatu-SW Pacific,Vanuatu,-16.829,168.536,-2,Caldera,
Epi,Vanuatu-SW Pacific,Vanuatu,-16.68,168.37,833,Stratovolcano,
Ubinas,Peru,Peru,-16.355,-70.903,5672,Stratovolcano,
Sabancaya,Peru,Peru,-15.78,-71.85,5967,Stratovolcano,
Aoba,Vanuatu-SW Pacific,Vanuatu,-15.4,167.83,1496,Shield volcano,
Aoba,Vanuatu-SW Pacific,Vanuatu,-15.4,167.83,1496,Shield volcano,
Savai'i,Samoa-SW Pacific,Samoa,-13.612,-172.525,1858,Shield volcano,
Karthala,Indian O-W,Comoros,-11.75,43.38,2361,Shield volcano,
Karthala,Indian O-W,Comoros,-11.75,43.38,2361,Shield volcano,
Kelimutu,Lesser Sunda Is,Indonesia,-8.758,121.83,1640,Complex volcano,
Iliwerung,Lesser Sunda Is,Indonesia,-8.54,123.59,1018,Complex volcano,
Sirung,Lesser Sunda Is,Indonesia,-8.51,124.148,862,Complex volcano,
Rinjani,Lesser Sunda Is,Indonesia,-8.42,116.47,3726,Stratovolcano,
Paluweh,Lesser Sunda Is,Indonesia,-8.32,121.708,875,Stratovolcano,
Paluweh,Lesser Sunda Is,Indonesia,-8.32,121.708,875,Stratovolcano,
Ijen,Java,Indonesia,-8.058,114.242,2799,Stratovolcano,
Tengger Caldera,Java,Indonesia,-7.942,112.95,2329,Stratovolcano,
Kelut,Java,Indonesia,-7.93,112.308,1731,Stratovolcano,
Kelut,Java,Indonesia,-7.93,112.308,1731,Stratovolcano,
Kelut,Java,Indonesia,-7.93,112.308,1731,Stratovolcano,
Merapi,Java,Indonesia,-7.542,110.442,2947,Stratovolcano,
Merapi,Java,Indonesia,-7.542,110.442,2947,Stratovolcano,
Merapi,Java,Indonesia,-7.542,110.442,2947,Stratovolcano,
Merapi,Java,Indonesia,-7.542,110.442,2947,Stratovolcano,
Merapi,Java,Indonesia,-7.542,110.442,2947,Stratovolcano,
Merapi,Java,Indonesia,-7.542,110.442,2947,Stratovolcano,
Dieng Volc Complex,Java,Indonesia,-7.2,109.92,2565,Complex volcano,
Dieng Volc Complex,Java,Indonesia,-7.2,109.92,2565,Complex volcano,
Guntur,Java,Indonesia,-7.13,107.83,2249,Complex volcano,
Wurlali,Banda Sea,Indonesia,-7.125,128.675,868,Stratovolcano,
Tangkubanparahu,Java,Indonesia,-6.77,107.6,2084,Stratovolcano,
Tangkubanparahu,Java,Indonesia,-6.77,107.6,2084,Stratovolcano,
Salak,Java,Indonesia,-6.72,106.73,2211,Stratovolcano,
Krakatau,Indonesia,Indonesia,-6.102,105.423,813,Caldera,
Krakatau,Indonesia,Indonesia,-6.102,105.423,813,Caldera,
Krakatau,Indonesia,Indonesia,-6.102,105.423,813,Caldera,
Krakatau,Indonesia,Indonesia,-6.102,105.423,813,Caldera,
Balbi,Bougainville-SW Paci,Papua New Guinea,-5.83,154.98,2715,Stratovolcano,
Umboi,New Guinea-NE of,Papua New Guinea,-5.589,147.875,1548,Complex volcano,
Ulawun,New Britain-SW Pac,Papua New Guinea,-5.05,151.33,2334,Stratovolcano,
Banda Api,Banda Sea,Pacific Ocean,-4.525,129.871,640,Caldera,
Rabaul,New Britain-SW Pac,Papua New Guinea,-4.271,152.203,688,Pyroclastic shield,
Kadovar,New Guinea-NE of,Papua New Guinea,-3.62,144.62,365,Stratovolcano,
Kadovar,New Guinea-NE of,Papua New Guinea,-3.62,144.62,365,Stratovolcano,
St. Andrew Strait,Admiralty Is-SW Paci,Papua New Guinea,-2.38,147.35,270,Complex volcano,
Gamalama,Halmahera-Indonesia,Indonesia,0.8,127.325,1715,Stratovolcano,
Lokon-Empung,Sulawesi-Indonesia,Indonesia,1.358,124.792,1580,Stratovolcano,
Karangetang [Api Siau],Sangihe Is-Indonesia,Indonesia,2.78,125.48,1784,Stratovolcano,
Karangetang [Api Siau],Sangihe Is-Indonesia,Indonesia,2.78,125.48,1784,Stratovolcano,
Huila,Colombia,Colombia,2.92,-76.05,5365,Stratovolcano,
Huila,Colombia,Colombia,2.92,-76.05,5365,Stratovolcano,
Huila,Colombia,Colombia,2.92,-76.05,5365,Stratovolcano,
Banua Wuhu,Sangihe Is-Indonesia,Indonesia,3.138,125.491,-5,Submarine volcano,
Sinabung,Sumatra,Indonesia,3.17,98.392,2460,Stratovolcano,
Sinabung,Sumatra,Indonesia,3.17,98.392,2460,Stratovolcano,
Sinabung,Sumatra,Indonesia,3.17,98.392,2460,Stratovolcano,
Sinabung,Sumatra,Indonesia,3.17,98.392,2460,Stratovolcano,
Sinabung,Sumatra,Indonesia,3.17,98.392,2460,Stratovolcano,
Sinabung,Sumatra,Indonesia,3.17,98.392,2460,Stratovolcano,
Sinabung,Sumatra,Indonesia,3.17,98.392,2460,Stratovolcano,
Sinabung,Sumatra,Indonesia,3.17,98.392,2460,Stratovolcano,
Peuet Sague,Sumatra,Indonesia,4.914,96.329,2801,Complex volcano,
Parker,Mindanao-Philippines,Philippines,6.12,124.892,1824,Stratovolcano,
Oku Volc Field,Africa-W,Cameroon,6.25,10.5,3011,Maar,
Tullu Moje,Africa-NE,Ethiopia,8.158,39.13,2349,Pumice cone,
Fentale,Africa-NE,Ethiopia,8.975,39.93,2007,Stratovolcano,
Camiguin,Mindanao-Philippines,Philippines,9.203,124.673,1332,Stratovolcano,
Piparo,Trinidad,Trinidad ,10,-61,140,Mud volcano,
Dama Ali,Africa-NE,Ethiopia,11.28,41.63,1068,Shield volcano,
Maderas,Nicaragua,Nicaragua,11.446,-85.515,1394,Stratovolcano,
Mombacho,Nicaragua,Nicaragua,11.826,-85.968,1344,Stratovolcano,
San Cristobal,Nicaragua,Nicaragua,12.702,-87.004,1745,Stratovolcano,
Cosiguina,Nicaragua,Nicaragua,12.98,-87.57,872,Stratovolcano,
Mayon,Luzon-Philippines,Philippines,13.257,123.685,2462,Stratovolcano,
Mayon,Luzon-Philippines,Philippines,13.257,123.685,2462,Stratovolcano,
Mayon,Luzon-Philippines,Philippines,13.257,123.685,2462,Stratovolcano,
Mayon,Luzon-Philippines,Philippines,13.257,123.685,2462,Stratovolcano,
San Salvador,El Salvador,El Salvador,13.736,-89.286,1893,Stratovolcano,
Zukur,Red Sea,Yemen,14.02,42.75,624,Shield volcano,
Pelee,W Indies,Martinique,14.82,-61.17,1397,Stratovolcano,
Pelee,W Indies,Martinique,14.82,-61.17,1397,Stratovolcano,
Fogo,Cape Verde Is,Cape Verde,14.95,-24.35,2829,Stratovolcano,
Pinatubo,Luzon-Philippines,Philippines,15.13,120.35,1486,Stratovolcano,
Soufriere Guadeloupe,W Indies,Guadeloupe,16.05,-61.67,1467,Stratovolcano,
Sarigan,Mariana Is-C Pacific,United States,16.708,145.78,538,Stratovolcano,
Soufriere Hills,W Indies,Montserrat,16.72,-62.18,915,Stratovolcano,
Kilauea,Hawaiian Is,United States,19.425,-155.292,1222,Shield volcano,
Kilauea,Hawaiian Is,United States,19.425,-155.292,1222,Shield volcano,
Kilauea,Hawaiian Is,United States,19.425,-155.292,1222,Shield volcano,
Kilauea,Hawaiian Is,United States,19.425,-155.292,1222,Shield volcano,
Kilauea,Hawaiian Is,United States,19.425,-155.292,1222,Shield volcano,
Kilauea,Hawaiian Is,United States,19.425,-155.292,1222,Shield volcano,
Kilauea,Hawaiian Is,United States,19.425,-155.292,1222,Shield volcano,
Kilauea,Hawaiian Is,United States,19.425,-155.292,1222,Shield volcano,
Asuncion,Mariana Is-C Pacific,United States,19.67,145.4,857,Stratovolcano,
Tengchong,China-S,China,25.32,98.47,2865,Pyroclastic cone,
Iwo-Tori-shima,Ryukyu Is,Japan,27.85,128.25,217,Complex volcano,
Sakura-jima,Kyushu-Japan,Japan,31.58,130.67,1117,Stratovolcano,
Sakura-jima,Kyushu-Japan,Japan,31.58,130.67,1117,Stratovolcano,
Kirishima,Kyushu-Japan,Japan,31.93,130.87,1700,Shield volcano,
Kirishima,Kyushu-Japan,Japan,31.93,130.87,1700,Shield volcano,
Unzen,Kyushu-Japan,Japan,32.75,130.3,1500,Complex volcano,
Aso,Kyushu-Japan,Japan,32.88,131.1,1592,Caldera,
Aso,Kyushu-Japan,Japan,32.88,131.1,1592,Caldera,
Aso,Kyushu-Japan,Japan,32.88,131.1,1592,Caldera,
Hakone,Honshu-Japan,Japan,35.22,139.02,1438,Complex volcano,
Hakone,Honshu-Japan,Japan,35.22,139.02,1438,Complex volcano,
Hakone,Honshu-Japan,Japan,35.22,139.02,1438,Complex volcano,
Hakone,Honshu-Japan,Japan,35.22,139.02,1438,Complex volcano,
Hakone,Honshu-Japan,Japan,35.22,139.02,1438,Complex volcano,
On-take,Honshu-Japan,Japan,35.9,137.48,3063,Complex volcano,
Santorini,Greece,Greece,36.404,25.396,329,Shield volcano,
Santorini,Greece,Greece,36.404,25.396,329,Shield volcano,
Akagi,Honshu-Japan,Japan,36.53,139.18,1828,Stratovolcano,
Tate-yama,Honshu-Japan,Japan,36.57,137.6,2621,Stratovolcano,
Tate-yama,Honshu-Japan,Japan,36.57,137.6,2621,Stratovolcano,
Tate-yama,Honshu-Japan,Japan,36.57,137.6,2621,Stratovolcano,
Tate-yama,Honshu-Japan,Japan,36.57,137.6,2621,Stratovolcano,
Kusatsu-Shirane,Honshu-Japan,Japan,36.62,138.55,2176,Stratovolcano,
Kusatsu-Shirane,Honshu-Japan,Japan,36.62,138.55,2176,Stratovolcano,
Kusatsu-Shirane,Honshu-Japan,Japan,36.62,138.55,2176,Stratovolcano,
Nasu,Honshu-Japan,Japan,37.12,139.97,1917,Stratovolcano,
Nasu,Honshu-Japan,Japan,37.12,139.97,1917,Stratovolcano,
Bandai,Honshu-Japan,Japan,37.6,140.08,1819,Stratovolcano,
Adatara,Honshu-Japan,Japan,37.62,140.28,1718,Stratovolcano,
Etna,Italy,Italy,37.734,15.004,3350,Stratovolcano,
Etna,Italy,Italy,37.734,15.004,3350,Stratovolcano,
Etna,Italy,Italy,37.734,15.004,3350,Stratovolcano,
Etna,Italy,Italy,37.734,15.004,3350,Stratovolcano,
Etna,Italy,Italy,37.734,15.004,3350,Stratovolcano,
Etna,Italy,Italy,37.734,15.004,3350,Stratovolcano,
Narugo,Honshu-Japan,Japan,38.73,140.73,462,Caldera,
Stromboli,Italy,Italy,38.789,15.213,926,Stratovolcano,
Stromboli,Italy,Italy,38.789,15.213,926,Stratovolcano,
Akita-Yake-yama,Honshu-Japan,Japan,39.97,140.77,1366,Complex volcano,
Akita-Yake-yama,Honshu-Japan,Japan,39.97,140.77,1366,Complex volcano,
Hakkoda Group,Honshu-Japan,Japan,40.65,140.88,1585,Stratovolcano,
Ischia,Italy,Italy,40.73,13.897,789,Complex volcano,
Vesuvius,Italy,Italy,40.821,14.426,1281,Complex volcano,
Vesuvius,Italy,Italy,40.821,14.426,1281,Complex volcano,
Vesuvius,Italy,Italy,40.821,14.426,1281,Complex volcano,
Campi Flegrei,Italy,Italy,40.827,14.139,458,Caldera,
Campi Flegrei,Italy,Italy,40.827,14.139,458,Caldera,
Daisetsu,Hokkaido-Japan,Japan,43.68,142.88,2290,Stratovolcano,
Daisetsu,Hokkaido-Japan,Japan,43.68,142.88,2290,Stratovolcano,
Yellowstone,US-Wyoming,United States,44.43,-110.67,2805,Caldera,
Hood,US-Oregon,United States,45.374,-121.694,3426,Stratovolcano,
Hood,US-Oregon,United States,45.374,-121.694,3426,Stratovolcano,
Mutnovsky,Kamchatka,Russia,52.453,158.195,2322,Complex volcano,
Vilyuchik,Kamchatka,Russia,52.68,158.3,2173,Stratovolcano,
Shishaldin,Aleutian Is,United States,54.75,-163.97,2857,Stratovolcano,
Tseax River Cone,Canada,Canada,55.12,-128.9,609,Pyroclastic cone,
Tolbachik,Kamchatka,Russia,55.83,160.33,3682,Shield volcano,
Augustine,Alaska-SW,United States,59.37,-153.42,1252,Lava dome,
Redoubt,Alaska-SW,United States,60.48,-152.75,3108,Stratovolcano,
Redoubt,Alaska-SW,United States,60.48,-152.75,3108,Stratovolcano,
Katla,Iceland-S,Iceland,63.63,-19.05,1512,Subglacial volcano,
Katla,Iceland-S,Iceland,63.63,-19.05,1512,Subglacial volcano,
Grimsvotn,Iceland-NE,Iceland,64.42,-17.33,1725,Caldera,
